achillea-millefolium|Nausea
achillea-millefolium|Diarrhea
achillea-millefolium|Abdominal pain
achillea-millefolium|Vomiting
achillea-millefolium|Dizziness
achillea-millefolium|Headache
achillea-millefolium|Anxiety
achillea-millefolium|Depression
achillea-millefolium|Irritability
achillea-millefolium|Sleep disturbance
acorus-calamus|Nausea
acorus-calamus|Headache
acorus-calamus|Dizziness
acorus-calamus|Vomiting
acorus-calamus|Diarrhea
acorus-calamus|Stomach upset
acorus-calamus|Throat irritation
acorus-calamus|Mood swings
acorus-calamus|Confusion
acorus-calamus|Memory loss
aesculus-hippocastanum|Nausea
aesculus-hippocastanum|Diarrhea
aesculus-hippocastanum|Vomiting
aesculus-hippocastanum|Headache
aesculus-hippocastanum|Dizziness
aesculus-hippocastanum|Stomach cramps
aesculus-hippocastanum|Constipation
aesculus-hippocastanum|Fatigue
aesculus-hippocastanum|Dry mouth
aesculus-hippocastanum|Itching skin
allium-sativum|Nausea
allium-sativum|Diarrhea
allium-sativum|Headache
allium-sativum|Skin irritation
allium-sativum|Stomach cramps
allium-sativum|Vaginal itching
allium-sativum|Shortness of breath
allium-sativum|Dizziness
allium-sativum|Fatigue
allium-sativum|Heartburn
aloe-vera|Skin irritation
aloe-vera|Dry skin
aloe-vera|Nausea
aloe-vera|Diarrhea
aloe-vera|Stomach cramps
aloe-vera|Headache
aloe-vera|Dizziness
aloe-vera|Fatigue
aloe-vera|Dehydration
aloe-vera|Constipation
alpinia-officinarum|Nausea
alpinia-officinarum|Diarrhea
alpinia-officinarum|Dizziness
alpinia-officinarum|Headache
alpinia-officinarum|Stomach pain
alpinia-officinarum|Flatulence
alpinia-officinarum|Dry mouth
alpinia-officinarum|Constipation
alpinia-officinarum|Indigestion
alpinia-officinarum|Heartburn
ammi-visnaga|Diarrhea
ammi-visnaga|Vomiting
ammi-visnaga|Dehydration
ammi-visnaga|Nausea
ammi-visnaga|Abdominal cramping
ammi-visnaga|Headache
ammi-visnaga|Dizziness
ammi-visnaga|Fatigue
ammi-visnaga|Throat irritation
ammi-visnaga|Skin rash
angelica-sinensis|Bleeding
angelica-sinensis|Headache
angelica-sinensis|Nausea
angelica-sinensis|Dizziness
angelica-sinensis|Dry mouth
angelica-sinensis|Stomach pain
angelica-sinensis|Constipation
angelica-sinensis|Diarrhea
angelica-sinensis|Gas
angelica-sinensis|Insomnia
apium-graveolens|Nausea
apium-graveolens|Diarrhea
apium-graveolens|Itching
apium-graveolens|Sneezing
apium-graveolens|Runny nose
apium-graveolens|Shortness of breath
apium-graveolens|Headache
apium-graveolens|Dizziness
apium-graveolens|Throat irritation
apium-graveolens|Abdominal pain
arctium-lappa|Nausea
arctium-lappa|Diarrhea
arctium-lappa|Stomach upset
arctium-lappa|Abdominal pain
arctium-lappa|Headache
arctium-lappa|Dizziness
arctium-lappa|Fatigue
arctium-lappa|Dry mouth
arctium-lappa|Constipation
arctium-lappa|Skin rash
artemisia-absinthium|Nausea
artemisia-absinthium|Vomiting
artemisia-absinthium|Diarrhea
artemisia-absinthium|Abdominal pain
artemisia-absinthium|Dizziness
artemisia-absinthium|Headache
artemisia-absinthium|Dry mouth
artemisia-absinthium|Increased heart rate
artemisia-absinthium|Shortness of breath
artemisia-absinthium|Joint pain
artemisia-annua|Nausea
artemisia-annua|Vomiting
artemisia-annua|Dizziness
artemisia-annua|Headache
artemisia-annua|Anxiety
artemisia-annua|Depression
artemisia-annua|Diarrhea
artemisia-annua|Constipation
artemisia-annua|Fatigue
artemisia-annua|Abdominal cramping
astragalus-membranaceus|Nausea
astragalus-membranaceus|Headache
astragalus-membranaceus|Diarrhea
astragalus-membranaceus|Stomach upset
astragalus-membranaceus|Dizziness
astragalus-membranaceus|Fatigue
astragalus-membranaceus|Throat irritation
astragalus-membranaceus|Constipation
astragalus-membranaceus|Skin rash
astragalus-membranaceus|Joint pain
atropa-belladonna|Dry mouth
atropa-belladonna|Blurred vision
atropa-belladonna|Constipation
atropa-belladonna|Dizziness
atropa-belladonna|Nausea
atropa-belladonna|Headache
atropa-belladonna|Itchy skin
atropa-belladonna|Rapid heartbeat
atropa-belladonna|Difficulty urinating
atropa-belladonna|Confusion
azadirachta-indica|Skin Irritation
azadirachta-indica|Stomach Upset
azadirachta-indica|Diarrhea
azadirachta-indica|Nausea
azadirachta-indica|Vomiting
azadirachta-indica|Headache
azadirachta-indica|Dizziness
azadirachta-indica|Constipation
azadirachta-indica|Flu-like Symptoms
azadirachta-indica|Dry Mouth
barosma-betulina|Urinate frequently
barosma-betulina|Sweat excessively
barosma-betulina|Nausea
barosma-betulina|Headache
barosma-betulina|Dry mouth
barosma-betulina|Stomach upset
barosma-betulina|Dizziness
barosma-betulina|Fatigue
barosma-betulina|Skin rash
barosma-betulina|Diarrhea
bupleurum-chinense|Nausea
bupleurum-chinense|Vomiting
bupleurum-chinense|Dizziness
bupleurum-chinense|Headache
bupleurum-chinense|Diarrhea
bupleurum-chinense|Abdominal pain
bupleurum-chinense|Dry mouth
bupleurum-chinense|Constipation
bupleurum-chinense|Fatigue
bupleurum-chinense|Muscle weakness
calendula-officinalis|Irritation
calendula-officinalis|Itching
calendula-officinalis|Dryness
calendula-officinalis|Rash
calendula-officinalis|Burning
calendula-officinalis|Stinging
calendula-officinalis|Inflammation
calendula-officinalis|Swelling
calendula-officinalis|Fungal infection
calendula-officinalis|Pruritus
capsicum-annuum|Burning sensation
capsicum-annuum|Sweating profusely
capsicum-annuum|Flushing face
capsicum-annuum|Nausea and vomiting
capsicum-annuum|Diarrhea
capsicum-annuum|Headache
capsicum-annuum|Dizziness
capsicum-annuum|Abdominal pain
capsicum-annuum|Increased heart rate
capsicum-annuum|Shortness of breath
cassia-senna|Diarrhea
cassia-senna|Abdominal cramps
cassia-senna|Nausea
cassia-senna|Vomiting
cassia-senna|Stomach upset
cassia-senna|Gas
cassia-senna|Bloating
cassia-senna|Constipation
cassia-senna|Dehydration
cassia-senna|Electrolyte imbalances
centella-asiatica|Dizziness
centella-asiatica|Headache
centella-asiatica|Nausea
centella-asiatica|Diarrhea
centella-asiatica|Fatigue
centella-asiatica|Difficulty sleeping
centella-asiatica|Dry mouth
centella-asiatica|Numbness
centella-asiatica|Skin rash
centella-asiatica|Abdominal pain
chamomilla-recutita|Nausea
chamomilla-recutita|Dizziness
chamomilla-recutita|Headache
chamomilla-recutita|Dry mouth
chamomilla-recutita|Diarrhea
chamomilla-recutita|Constipation
chamomilla-recutita|Stomach cramps
chamomilla-recutita|Fatigue
chamomilla-recutita|Muscle spasms
chamomilla-recutita|Skin rash
chrysanthemum-morifolium|Nausea
chrysanthemum-morifolium|Vomiting
chrysanthemum-morifolium|Diarrhea
chrysanthemum-morifolium|Headache
chrysanthemum-morifolium|Dizziness
chrysanthemum-morifolium|Fatigue
chrysanthemum-morifolium|Jaundice
chrysanthemum-morifolium|Constipation
chrysanthemum-morifolium|Dry mouth
chrysanthemum-morifolium|Skin rash
cimicifuga-racemosa|Nausea
cimicifuga-racemosa|Dizziness
cimicifuga-racemosa|Headache
cimicifuga-racemosa|Constipation
cimicifuga-racemosa|Diarrhea
cimicifuga-racemosa|Stomach cramps
cimicifuga-racemosa|Fatigue
cimicifuga-racemosa|Insomnia
cimicifuga-racemosa|Dry mouth
cimicifuga-racemosa|Abdominal pain
cinchona-officinalis|Nausea
cinchona-officinalis|Vomiting
cinchona-officinalis|Diarrhea
cinchona-officinalis|Stomachache
cinchona-officinalis|Headache
cinchona-officinalis|Dizziness
cinchona-officinalis|Constipation
cinchona-officinalis|Heart palpitations
cinchona-officinalis|Shortness of breath
cinchona-officinalis|Fatigue
cinnamomum-verum|Allergic reaction
cinnamomum-verum|Gastrointestinal upset
cinnamomum-verum|Headache
cinnamomum-verum|Dizziness
cinnamomum-verum|Skin irritation
cinnamomum-verum|Nausea
cinnamomum-verum|Vomiting
cinnamomum-verum|Diarrhea
cinnamomum-verum|Abdominal pain
cinnamomum-verum|Low blood sugar levels
citrus-limon|May cause stomach upset
citrus-limon|Can lead to diarrhea
citrus-limon|May increase urine production
citrus-limon|May induce nausea
citrus-limon|Can cause acid reflux
citrus-limon|May irritate skin
citrus-limon|Can cause allergic reactions
citrus-limon|May trigger headaches
citrus-limon|Can interfere with sleep
citrus-limon|May cause dehydration
codonopsis-pilosula|Stomach upset
codonopsis-pilosula|Diarrhea
codonopsis-pilosula|Headache
codonopsis-pilosula|Nausea
codonopsis-pilosula|Dizziness
codonopsis-pilosula|Fatigue
codonopsis-pilosula|Skin rash
codonopsis-pilosula|Insomnia
codonopsis-pilosula|Constipation
codonopsis-pilosula|Dry mouth
coleus-forskohlii|Diarrhea
coleus-forskohlii|Nausea
coleus-forskohlii|Headache
coleus-forskohlii|Dizziness
coleus-forskohlii|Stomach cramps
coleus-forskohlii|Constipation
coleus-forskohlii|Vomiting
coleus-forskohlii|Dry mouth
coleus-forskohlii|Flushing
coleus-forskohlii|Increased heart rate
commiphora-molmol|Nausea
commiphora-molmol|Diarrhea
commiphora-molmol|Headache
commiphora-molmol|Stomach upset
commiphora-molmol|Dizziness
commiphora-molmol|Abdominal pain
commiphora-molmol|Constipation
commiphora-molmol|Dry mouth
commiphora-molmol|Fatigue
commiphora-molmol|Insomnia
corydalis-yanhusuo|Headache
corydalis-yanhusuo|Dizziness
corydalis-yanhusuo|Nausea
corydalis-yanhusuo|Vomiting
corydalis-yanhusuo|Diarrhea
corydalis-yanhusuo|Stomach upset
corydalis-yanhusuo|Constipation
corydalis-yanhusuo|Dry mouth
corydalis-yanhusuo|Fatigue
corydalis-yanhusuo|Confusion
crataegus-oxyacantha|Diarrhea
crataegus-oxyacantha|Nausea
crataegus-oxyacantha|Stomach upset
crataegus-oxyacantha|Headache
crataegus-oxyacantha|Dizziness
crataegus-oxyacantha|Fatigue
crataegus-oxyacantha|Skin irritation
crataegus-oxyacantha|Abdominal pain
crataegus-oxyacantha|Constipation
crataegus-oxyacantha|Shortness of breath
crataeva-nurvula|Nausea
crataeva-nurvula|Diarrhea
crataeva-nurvula|Headache
crataeva-nurvula|Dizziness
crataeva-nurvula|Fatigue
crataeva-nurvula|Abdominal pain
crataeva-nurvula|Muscle pain
crataeva-nurvula|Dry mouth
crataeva-nurvula|Constipation
crataeva-nurvula|Blurred vision
crocus-sativa|Stomach upset
crocus-sativa|Headache
crocus-sativa|Dizziness
crocus-sativa|Nausea
crocus-sativa|Dry mouth
crocus-sativa|Constipation
crocus-sativa|Diarrhea
crocus-sativa|Skin irritation
crocus-sativa|Itching
crocus-sativa|Anxiety
curcuma-longa|Nausea
curcuma-longa|Diarrhea
curcuma-longa|Stomach pain
curcuma-longa|Dizziness
curcuma-longa|Headache
curcuma-longa|Anxiety
curcuma-longa|Insomnia
curcuma-longa|Constipation
curcuma-longa|Heartburn
curcuma-longa|Skin rash
dioscorea-villosa|Nausea
dioscorea-villosa|Diarrhea
dioscorea-villosa|Stomach upset
dioscorea-villosa|Headache
dioscorea-villosa|Dizziness
dioscorea-villosa|Constipation
dioscorea-villosa|Vaginal itching
dioscorea-villosa|Throat irritation
dioscorea-villosa|Skin rash
dioscorea-villosa|Abdominal cramps
echinacea-angustifolia|Throat irritation
echinacea-angustifolia|Stomach upset
echinacea-angustifolia|Headache
echinacea-angustifolia|Diarrhea
echinacea-angustifolia|Nausea
echinacea-angustifolia|Sore throat
echinacea-angustifolia|Runny nose
echinacea-angustifolia|Cough
echinacea-angustifolia|Fatigue
echinacea-angustifolia|Dizziness
elettaria-cardamomum|Heartburn
elettaria-cardamomum|Diarrhea
elettaria-cardamomum|Nausea
elettaria-cardamomum|Abdominal pain
elettaria-cardamomum|Headache
elettaria-cardamomum|Dizziness
elettaria-cardamomum|Constipation
elettaria-cardamomum|Vomiting
elettaria-cardamomum|Sore throat
elettaria-cardamomum|Nasal congestion
eleutherococcus-senticosus|Increased heart rate
eleutherococcus-senticosus|Headache
eleutherococcus-senticosus|Nausea
eleutherococcus-senticosus|Diarrhea
eleutherococcus-senticosus|Insomnia
eleutherococcus-senticosus|Dizziness
eleutherococcus-senticosus|Upset stomach
eleutherococcus-senticosus|Irritability
eleutherococcus-senticosus|Jitteriness
eleutherococcus-senticosus|Increased blood pressure
ephedra-sinica|Rapid heartbeat
ephedra-sinica|Insomnia
ephedra-sinica|Nervousness
ephedra-sinica|Dizziness
ephedra-sinica|Dry mouth
ephedra-sinica|Headache
ephedra-sinica|High blood pressure
ephedra-sinica|Restlessness
ephedra-sinica|Fatigue
ephedra-sinica|Dehydration
eucalyptus-globulus|Irritate eyes
eucalyptus-globulus|Cause coughing
eucalyptus-globulus|Induce sneezing
eucalyptus-globulus|Burn mouth and throat
eucalyptus-globulus|Dizziness
eucalyptus-globulus|Headache
eucalyptus-globulus|Heart racing
eucalyptus-globulus|Shortness of breath
eucalyptus-globulus|Nausea
eucalyptus-globulus|Fatigue
eugenia-caryophyllata|Burns Mouth
eugenia-caryophyllata|Nausea
eugenia-caryophyllata|Diarrhea
eugenia-caryophyllata|Headache
eugenia-caryophyllata|Throat Irritation
eugenia-caryophyllata|Abdominal Pain
eugenia-caryophyllata|Dizziness
eugenia-caryophyllata|Sweating
eugenia-caryophyllata|Vomiting
eugenia-caryophyllata|Flushing
filipendula-ulmaria|Stomach upset
filipendula-ulmaria|Nausea
filipendula-ulmaria|Headache
filipendula-ulmaria|Dizziness
filipendula-ulmaria|Diarrhea
filipendula-ulmaria|Itching
filipendula-ulmaria|Rash
filipendula-ulmaria|Swelling
filipendula-ulmaria|Nausea
filipendula-ulmaria|Fatigue
gentiana-lutea|Upset stomach
gentiana-lutea|Nausea
gentiana-lutea|Headache
gentiana-lutea|Dizziness
gentiana-lutea|Diarrhea
gentiana-lutea|Constipation
gentiana-lutea|Dry mouth
gentiana-lutea|Fatigue
gentiana-lutea|Insomnia
gentiana-lutea|Skin rash
ginkgo-biloba|Stomach upset
ginkgo-biloba|Dizziness
ginkgo-biloba|Headache
ginkgo-biloba|Nausea
ginkgo-biloba|Diarrhea
ginkgo-biloba|Gastrointestinal discomfort
ginkgo-biloba|Flushing
ginkgo-biloba|Skin rash
ginkgo-biloba|Joint pain
ginkgo-biloba|Fatigue
glycyrrhiza-glabra|Blood pressure raises
glycyrrhiza-glabra|Diuretic effect weakened
glycyrrhiza-glabra|Hormone imbalances occur
glycyrrhiza-glabra|Lung function decreases
glycyrrhiza-glabra|Potassium levels decrease
glycyrrhiza-glabra|Skin rashes develop
glycyrrhiza-glabra|Stomach upset increases
glycyrrhiza-glabra|Swelling occurs
glycyrrhiza-glabra|Vision may blur
glycyrrhiza-glabra|Water retention worsens
hamamelis-virginiana|Dryness of mouth and skin
hamamelis-virginiana|Irritation of eyes and throat
hamamelis-virginiana|Nausea and vomiting
hamamelis-virginiana|Diarrhea and stomach upset
hamamelis-virginiana|Headache and dizziness
hamamelis-virginiana|Shortness of breath and coughing
hamamelis-virginiana|Constipation and bloating
hamamelis-virginiana|Skin rash and hives
hamamelis-virginiana|Blurred vision and sensitivity to light
hamamelis-virginiana|Joint pain and muscle spasms
harpagophytum-procumbens|Nausea     2 Diarrhea      3 Stomach pain    4 Headache     5 Dizziness      6 Fatigue       7 Flushing    8 Dry mouth      9 Constipation   10 Insomnia
humulus-lupulus|Nausea
humulus-lupulus|Headache
humulus-lupulus|Dizziness
humulus-lupulus|Anxiety
humulus-lupulus|Insomnia
humulus-lupulus|Dry mouth
humulus-lupulus|Stomach upset
humulus-lupulus|Diarrhea
humulus-lupulus|Fatigue
humulus-lupulus|Constipation
hydrastis-canadensis|Nausea
hydrastis-canadensis|Headache
hydrastis-canadensis|Dizziness
hydrastis-canadensis|Diarrhea
hydrastis-canadensis|Stomach upset
hydrastis-canadensis|Itching
hydrastis-canadensis|Skin rash
hydrastis-canadensis|Runny nose
hydrastis-canadensis|Sore throat
hydrastis-canadensis|Watery eyes
hypericum-perforatum|Nausea
hypericum-perforatum|Dizziness
hypericum-perforatum|Dry mouth
hypericum-perforatum|Headache
hypericum-perforatum|Fatigue
hypericum-perforatum|Stomach upset
hypericum-perforatum|Diarrhea
hypericum-perforatum|Constipation
hypericum-perforatum|Anxiety
hypericum-perforatum|Depression
inula-helenium|Diarrhea
inula-helenium|Stomach upset
inula-helenium|Headache
inula-helenium|Nausea
inula-helenium|Vomiting
inula-helenium|Dizziness
inula-helenium|Fatigue
inula-helenium|Skin irritation
inula-helenium|Itching
inula-helenium|Dry mouth
lavandula-angustifolia|May cause dizziness
lavandula-angustifolia|Can lead to dry mouth
lavandula-angustifolia|May cause headache
lavandula-angustifolia|Can cause skin irritation
lavandula-angustifolia|May cause nausea
lavandula-angustifolia|Can cause muscle spasms
lavandula-angustifolia|May cause loss of balance
lavandula-angustifolia|Can lead to constipation
lavandula-angustifolia|May cause drowsiness
lavandula-angustifolia|Can lead to decreased appetite
linum-usitatissimum|Constipation
linum-usitatissimum|Diarrhea
linum-usitatissimum|Gas
linum-usitatissimum|Bloating
linum-usitatissimum|Nausea
linum-usitatissimum|Stomach pain
linum-usitatissimum|Headache
linum-usitatissimum|Dizziness
linum-usitatissimum|Fatigue
linum-usitatissimum|Thirst
lobelia-inflata|Nausea
lobelia-inflata|Dizziness
lobelia-inflata|Headache
lobelia-inflata|Diarrhea
lobelia-inflata|Constipation
lobelia-inflata|Stomach cramps
lobelia-inflata|Heart palpitations
lobelia-inflata|Anxiety
lobelia-inflata|Depression
lobelia-inflata|Shortness of breath
lycium-chinense|Stomach upset
lycium-chinense|Skin rash
lycium-chinense|Fatigue
lycium-chinense|Headache
lycium-chinense|Dizziness
lycium-chinense|Nausea
lycium-chinense|Itchy throat
lycium-chinense|Dry mouth
lycium-chinense|Diarrhea
lycium-chinense|Constipation
melaleuca-alternifolia|Skin irritation
melaleuca-alternifolia|Stomach upset
melaleuca-alternifolia|Itching
melaleuca-alternifolia|Nausea
melaleuca-alternifolia|Diarrhea
melaleuca-alternifolia|Headache
melaleuca-alternifolia|Fatigue
melaleuca-alternifolia|Joint pain
melaleuca-alternifolia|Dizziness
melaleuca-alternifolia|Dry mouth
melissa-officinalis|Headache
melissa-officinalis|Nausea
melissa-officinalis|Dizziness
melissa-officinalis|Stomach upset
melissa-officinalis|Fatigue
melissa-officinalis|Anxiety
melissa-officinalis|Depression
melissa-officinalis|Diarrhea
melissa-officinalis|Dry mouth
melissa-officinalis|Difficulty sleeping
mentha-x-piperita|Stomach upset
mentha-x-piperita|Headache
mentha-x-piperita|Diarrhea
mentha-x-piperita|Abdominal pain
mentha-x-piperita|Nausea
mentha-x-piperita|Vomiting
mentha-x-piperita|Gas
mentha-x-piperita|Heartburn
mentha-x-piperita|Constipation
mentha-x-piperita|Dry mouth
myristica-fragrans|Stomach upset
myristica-fragrans|Abdominal pain
myristica-fragrans|Diarrhea
myristica-fragrans|Nausea
myristica-fragrans|Headache
myristica-fragrans|Dizziness
myristica-fragrans|Dry mouth
myristica-fragrans|Constipation
myristica-fragrans|Confusion
myristica-fragrans|Hallucinations
ocimum-tenuiflorum|Nausea
ocimum-tenuiflorum|Dizziness
ocimum-tenuiflorum|Headache
ocimum-tenuiflorum|Constipation
ocimum-tenuiflorum|Stomach upset
ocimum-tenuiflorum|Diarrhea
ocimum-tenuiflorum|Shortness of breath
ocimum-tenuiflorum|Fatigue
ocimum-tenuiflorum|Dry mouth
ocimum-tenuiflorum|Blurred vision
paeonia-lactiflora|Constipation
paeonia-lactiflora|Diarrhea
paeonia-lactiflora|Dizziness
paeonia-lactiflora|Headache
paeonia-lactiflora|Nausea
paeonia-lactiflora|Stomach upset
paeonia-lactiflora|Itching
paeonia-lactiflora|Skin rash
paeonia-lactiflora|Sore throat
paeonia-lactiflora|Insomnia
panax-ginseng|Increased heart rate
panax-ginseng|High blood pressure
panax-ginseng|Dizziness
panax-ginseng|Nausea
panax-ginseng|Insomnia
panax-ginseng|Headache
panax-ginseng|Diarrhea
panax-ginseng|Flu-like symptoms
panax-ginseng|Stomach upset
panax-ginseng|Rapid breathing
passiflora-incarnata|Drowsiness
passiflora-incarnata|Anxiety relief
passiflora-incarnata|Nausea
passiflora-incarnata|Headache
passiflora-incarnata|Dizziness
passiflora-incarnata|Dry mouth
passiflora-incarnata|Constipation
passiflora-incarnata|Stomach upset
passiflora-incarnata|Fatigue
passiflora-incarnata|Muscle cramps
pelargonium-sidoides|Nausea
pelargonium-sidoides|Diarrhea
pelargonium-sidoides|Dizziness
pelargonium-sidoides|Headache
pelargonium-sidoides|Vomiting
pelargonium-sidoides|Stomach pain
pelargonium-sidoides|Fainting
pelargonium-sidoides|Dehydration
pelargonium-sidoides|Fatigue
pelargonium-sidoides|Nausea
persea-americana|Nausea
persea-americana|Diarrhea
persea-americana|Abdominal Pain
persea-americana|Heartburn
persea-americana|Headache
persea-americana|Dizziness
persea-americana|Shortness of breath
persea-americana|Skin Irritation
persea-americana|Allergic Reaction
persea-americana|Eye Irritation
piper-methysticum|Dizziness
piper-methysticum|Nausea
piper-methysticum|Headache
piper-methysticum|Diarrhea
piper-methysticum|Dry mouth
piper-methysticum|Fatigue
piper-methysticum|Shortness of breath
piper-methysticum|Confusion
piper-methysticum|Slurred speech
piper-methysticum|Constipation
plantago-lanceolata|Constipation
plantago-lanceolata|Diarrhea
plantago-lanceolata|Nausea
plantago-lanceolata|Vomiting
plantago-lanceolata|Stomach cramps
plantago-lanceolata|Abdominal pain
plantago-lanceolata|Flatulence
plantago-lanceolata|Bloating
plantago-lanceolata|Gas
plantago-lanceolata|Headache
polygonum-multiflorum|Nausea
polygonum-multiflorum|Diarrhea
polygonum-multiflorum|Headache
polygonum-multiflorum|Dizziness
polygonum-multiflorum|Fatigue
polygonum-multiflorum|Dry mouth
polygonum-multiflorum|Constipation
polygonum-multiflorum|Abdominal pain
polygonum-multiflorum|Muscle spasms
polygonum-multiflorum|Flu-like symptoms
rehmannia-glutinosa|Dizziness
rehmannia-glutinosa|Headache
rehmannia-glutinosa|Nausea
rehmannia-glutinosa|Diarrhea
rehmannia-glutinosa|Constipation
rehmannia-glutinosa|Fatigue
rehmannia-glutinosa|Insomnia
rehmannia-glutinosa|Dry mouth
rehmannia-glutinosa|Stomach upset
rehmannia-glutinosa|Skin rash
rheum-palmatum|Diarrhea
rheum-palmatum|Nausea
rheum-palmatum|Abdominal Pain
rheum-palmatum|Vomiting
rheum-palmatum|Dizziness
rheum-palmatum|Headache
rheum-palmatum|Fatigue
rheum-palmatum|Dry Mouth
rheum-palmatum|Constipation
rheum-palmatum|Decreased Appetite
rhodiola-rosea|Nausea
rhodiola-rosea|Dizziness
rhodiola-rosea|Fatigue
rhodiola-rosea|Dry mouth
rhodiola-rosea|Headache
rhodiola-rosea|Stomach upset
rhodiola-rosea|Irritability
rhodiola-rosea|Confusion
rhodiola-rosea|Diarrhea
rhodiola-rosea|Insomnia
rosmarinus-officinalis|Stomach upset
rosmarinus-officinalis|Headache
rosmarinus-officinalis|Nausea
rosmarinus-officinalis|Dizziness
rosmarinus-officinalis|Confusion
rosmarinus-officinalis|Insomnia
rosmarinus-officinalis|Dry mouth
rosmarinus-officinalis|Itching
rosmarinus-officinalis|Skin irritation
rosmarinus-officinalis|Sweating
salix-alba|Stomach Pain
salix-alba|Nausea
salix-alba|Vomiting
salix-alba|Diarrhea
salix-alba|Headache
salix-alba|Dizziness
salix-alba|Constipation
salix-alba|Itching
salix-alba|Skin Rash
salix-alba|Dry Mouth
salvia-miltiorrhiza|Nausea
salvia-miltiorrhiza|Diarrhea
salvia-miltiorrhiza|Vomiting
salvia-miltiorrhiza|Headache
salvia-miltiorrhiza|Dizziness
salvia-miltiorrhiza|Fatigue
salvia-miltiorrhiza|Insomnia
salvia-miltiorrhiza|Constipation
salvia-miltiorrhiza|Dry mouth
salvia-miltiorrhiza|Nausea
salvia-officinalis|Dizziness
salvia-officinalis|Nausea
salvia-officinalis|Headache
salvia-officinalis|Dry mouth
salvia-officinalis|Anxiety
salvia-officinalis|Depression
salvia-officinalis|Blurry vision
salvia-officinalis|Confusion
salvia-officinalis|Shortness of breath
salvia-officinalis|Rapid heartbeat
sambucus-nigra|Nausea
sambucus-nigra|Dizziness
sambucus-nigra|Headache
sambucus-nigra|Stomach upset
sambucus-nigra|Diarrhea
sambucus-nigra|Constipation
sambucus-nigra|Heartburn
sambucus-nigra|Insomnia
sambucus-nigra|Fatigue
sambucus-nigra|Dry mouth
schisandra-chinensis|Increased urination
schisandra-chinensis|Headache
schisandra-chinensis|Nausea
schisandra-chinensis|Insomnia
schisandra-chinensis|Dizziness
schisandra-chinensis|Fatigue
schisandra-chinensis|Diarrhea
schisandra-chinensis|Stomach upset
schisandra-chinensis|Shortness of breath
schisandra-chinensis|Dry mouth
scutellaria-baicalensis|Nausea
scutellaria-baicalensis|Vomiting
scutellaria-baicalensis|Dizziness
scutellaria-baicalensis|Diarrhea
scutellaria-baicalensis|Headache
scutellaria-baicalensis|Abdominal pain
scutellaria-baicalensis|Constipation
scutellaria-baicalensis|Stomach upset
scutellaria-baicalensis|Mild fatigue
scutellaria-baicalensis|Itchiness
scutellaria-lateriflora|May cause dizziness
scutellaria-lateriflora|Can induce sedation
scutellaria-lateriflora|May decrease anxiety levels
scutellaria-lateriflora|Can impair concentration
scutellaria-lateriflora|May cause headache
scutellaria-lateriflora|Can lead to dry mouth
scutellaria-lateriflora|May cause stomach upset
scutellaria-lateriflora|Can lower blood pressure
scutellaria-lateriflora|May increase appetite
scutellaria-lateriflora|Can lead to insomnia
serenoa-repens|Headache
serenoa-repens|Nausea
serenoa-repens|Dizziness
serenoa-repens|Diarrhea
serenoa-repens|Constipation
serenoa-repens|Stomach upset
serenoa-repens|Gastrointestinal disturbances
serenoa-repens|Flatulence
serenoa-repens|Bloating
serenoa-repens|Skin rash
silybum-marianum|Nausea
silybum-marianum|Diarrhea
silybum-marianum|Stomach cramps
silybum-marianum|Headache
silybum-marianum|Dizziness
silybum-marianum|Fatigue
silybum-marianum|Abdominal pain
silybum-marianum|Constipation
silybum-marianum|Vomiting
silybum-marianum|Flatulence
symphytum-officinale|Skin irritation
symphytum-officinale|Allergic reaction
symphytum-officinale|Diarrhea
symphytum-officinale|Nausea
symphytum-officinale|Stomach pain
symphytum-officinale|Headache
symphytum-officinale|Dizziness
symphytum-officinale|Increased heart rate
symphytum-officinale|Difficulty breathing
symphytum-officinale|Swelling of the face and throat
tabebuia-rosea|Itchy skin
tabebuia-rosea|Stomach upset
tabebuia-rosea|Nausea
tabebuia-rosea|Diarrhea
tabebuia-rosea|Headache
tabebuia-rosea|Dizziness
tabebuia-rosea|Fatigue
tabebuia-rosea|Joint pain
tabebuia-rosea|Muscle spasms
tabebuia-rosea|Nasal congestion
tanacetum-parthenium|Stomach upset
tanacetum-parthenium|Dizziness
tanacetum-parthenium|Nausea
tanacetum-parthenium|Headache
tanacetum-parthenium|Skin rash
tanacetum-parthenium|Diarrhea
tanacetum-parthenium|Constipation
tanacetum-parthenium|Confusion
tanacetum-parthenium|Difficulty sleeping
tanacetum-parthenium|Abdominal pain
taraxacum-officinale|Diarrhea
taraxacum-officinale|Nausea
taraxacum-officinale|Abdominal pain
taraxacum-officinale|Vomiting
taraxacum-officinale|Headache
taraxacum-officinale|Dizziness
taraxacum-officinale|Fatigue
taraxacum-officinale|Muscle spasms
taraxacum-officinale|Itching
taraxacum-officinale|Sweating
terminalia-arjuna|Nausea
terminalia-arjuna|Diarrhea
terminalia-arjuna|Stomach upset
terminalia-arjuna|Headache
terminalia-arjuna|Dizziness
terminalia-arjuna|Fatigue
terminalia-arjuna|Joint pain
terminalia-arjuna|Muscle cramps
terminalia-arjuna|Abdominal bloating
terminalia-arjuna|Dry mouth
thymus-vulgaris|Nausea
thymus-vulgaris|Diarrhea
thymus-vulgaris|Headache
thymus-vulgaris|Dizziness
thymus-vulgaris|Stomach pain
thymus-vulgaris|Bloody nose
thymus-vulgaris|Sore throat
thymus-vulgaris|Nasal congestion
thymus-vulgaris|Fatigue
thymus-vulgaris|Shortness of breath
turnera-diffusa|Upset stomach
turnera-diffusa|Diarrhea
turnera-diffusa|Nausea
turnera-diffusa|Dizziness
turnera-diffusa|Headache
turnera-diffusa|Skin rash
turnera-diffusa|Constipation
turnera-diffusa|Thirst
turnera-diffusa|Flu-like symptoms
turnera-diffusa|Insomnia
ulmus-rubra|Stomach upset
ulmus-rubra|Diarrhea
ulmus-rubra|Nausea
ulmus-rubra|Vomiting
ulmus-rubra|Headache
ulmus-rubra|Dizziness
ulmus-rubra|Constipation
ulmus-rubra|Abdominal pain
ulmus-rubra|Throat irritation
ulmus-rubra|Skin rash
urtica-dioica|Itch     2 Redness    3 Swelling   4 Burning      5 Stinging     6 Pain       7 Rash        8 Skin irritation  9 Allergic reaction    10 Headache
vaccinium-myrtillus|Stomach upset     2 Diarrhea      3 Nausea
vaccinium-myrtillus|Vaginal bleeding
vaccinium-myrtillus|Skin rash         6 Headache
vaccinium-myrtillus|Dizziness       8 Anxiety
vaccinium-myrtillus|Insomnia        10 Depression
valeriana-officinalis|Dizziness
valeriana-officinalis|Nausea
valeriana-officinalis|Headache
valeriana-officinalis|Anxiety
valeriana-officinalis|Diarrhea
valeriana-officinalis|Fatigue
valeriana-officinalis|Insomnia
valeriana-officinalis|Depression
valeriana-officinalis|Memory loss
valeriana-officinalis|Confusion
verbena-officinalis|Nausea
verbena-officinalis|Dizziness
verbena-officinalis|Headache
verbena-officinalis|Irritability
verbena-officinalis|Anxiety
verbena-officinalis|Fatigue
verbena-officinalis|Shortness of breath
verbena-officinalis|Stomach cramps
verbena-officinalis|Diarrhea
verbena-officinalis|Dry mouth
viburnum-opulus|Stomach upset
viburnum-opulus|Nausea
viburnum-opulus|Dizziness
viburnum-opulus|Headache
viburnum-opulus|Diarrhea
viburnum-opulus|Constipation
viburnum-opulus|Heart palpitations
viburnum-opulus|Muscle weakness
viburnum-opulus|Confusion
viburnum-opulus|Shortness of breath
vitex-agnus-castus|Nausea
vitex-agnus-castus|Dizziness
vitex-agnus-castus|Diarrhea
vitex-agnus-castus|Stomach upset
vitex-agnus-castus|Headache
vitex-agnus-castus|Dry mouth
vitex-agnus-castus|Constipation
vitex-agnus-castus|Bloating
vitex-agnus-castus|Decreased appetite
vitex-agnus-castus|Fatigue
withania-somnifera|Stomach upset
withania-somnifera|Nausea
withania-somnifera|Diarrhea
withania-somnifera|Headache
withania-somnifera|Dizziness
withania-somnifera|Dry mouth
withania-somnifera|Constipation
withania-somnifera|Increased appetite
withania-somnifera|Increased thirst
withania-somnifera|Increased urination
zanthoxylum-americanum|Burning skin
zanthoxylum-americanum|Itching scalp
zanthoxylum-americanum|Dry mouth
zanthoxylum-americanum|Abdominal pain
zanthoxylum-americanum|Nausea
zanthoxylum-americanum|Headache
zanthoxylum-americanum|Diarrhea
zanthoxylum-americanum|Dizziness
zanthoxylum-americanum|Constipation
zanthoxylum-americanum|Dry skin
zea-mays|May cause allergic reaction
zea-mays|May cause digestive upset
zea-mays|May cause skin irritation
zea-mays|May cause headache
zea-mays|May cause constipation
zea-mays|May cause dizziness
zea-mays|May cause nausea
zea-mays|May cause stomach cramps
zea-mays|May cause itching
zea-mays|May cause diarrhea
zingiber-officinale|Stomach upset
zingiber-officinale|Nausea
zingiber-officinale|Diarrhea
zingiber-officinale|Abdominal pain
zingiber-officinale|Headache
zingiber-officinale|Dizziness
zingiber-officinale|Sore throat
zingiber-officinale|Joint pain
zingiber-officinale|Heartburn
zingiber-officinale|Upset stomach
